theta,placement,seed,peak_D,early_D,tail_D,peak_dcomm,bridge_radical_tail
0.0,bridge_biased,1,0.8541666666666666,0.15083333333333332,0.0,6.0,0.40657142857142853
0.0,bridge_biased,2,0.7958333333333333,0.133375,0.0,6.0,0.22557142857142856
0.0,bridge_biased,3,0.8083333333333333,0.14999999999999997,0.0,6.0,0.28485714285714286
0.0,bridge_biased,4,0.8291666666666667,0.15429166666666666,0.0,6.0,0.3288571428571429
0.0,bridge_biased,5,0.8166666666666667,0.14425,0.0,6.0,0.24842857142857142
0.0,bridge_biased,6,0.8125,0.14804166666666668,0.0,6.0,0.32042857142857145
0.0,bridge_biased,7,0.7625,0.14479166666666665,0.0,6.0,0.3408571428571429
0.0,bridge_biased,8,0.825,0.16595833333333332,0.0,6.0,0.34485714285714286
0.0,bridge_biased,9,0.825,0.164375,0.0,6.0,0.25271428571428567
0.0,bridge_biased,10,0.8458333333333333,0.19949999999999996,0.0,6.0,0.28785714285714287
0.0,bridge_biased,11,0.8208333333333333,0.140125,0.0,6.0,0.26757142857142857
0.0,bridge_biased,12,0.7833333333333333,0.14550000000000002,0.0,6.0,0.2532857142857143
0.0,bridge_biased,13,0.8291666666666667,0.1595416666666667,0.0,6.0,0.22371428571428573
0.0,bridge_biased,14,0.7916666666666666,0.13458333333333333,0.0,6.0,0.331
0.0,bridge_biased,15,0.7791666666666667,0.16400000000000003,0.0,6.0,0.2672857142857143
0.0,bridge_biased,16,0.8166666666666667,0.167375,0.0,6.0,0.37657142857142856
0.0,bridge_biased,17,0.85,0.16012500000000002,0.0,6.0,0.2114285714285714
0.0,bridge_biased,18,0.775,0.157,0.0,6.0,0.28585714285714287
0.0,bridge_biased,19,0.7958333333333333,0.14491666666666667,0.0,6.0,0.3091428571428571
0.0,bridge_biased,20,0.8375,0.15304166666666666,0.0,6.0,0.29642857142857143
0.0,bridge_biased,21,0.7875,0.16333333333333336,0.0,6.0,0.29157142857142854
0.0,bridge_biased,22,0.7625,0.13479166666666664,0.0,6.0,0.29742857142857143
0.0,bridge_biased,23,0.8041666666666667,0.13112500000000002,0.0,6.0,0.2834285714285714
0.0,bridge_biased,24,0.8291666666666667,0.13549999999999998,0.0,6.0,0.4498571428571428
0.0,bridge_biased,25,0.8291666666666667,0.18504166666666666,0.0,6.0,0.2715714285714286
0.0,bridge_biased,26,0.7916666666666666,0.13541666666666663,0.0,6.0,0.341
0.0,bridge_biased,27,0.8333333333333334,0.1479583333333333,0.0,6.0,0.2662857142857143
0.0,bridge_biased,28,0.7833333333333333,0.16412499999999997,0.0,6.0,0.27442857142857147
0.0,bridge_biased,29,0.8125,0.15404166666666666,0.0,6.0,0.197
0.0,bridge_biased,30,0.7875,0.14687499999999998,0.0,6.0,0.2838571428571428
0.0,bridge_biased,31,0.825,0.14904166666666666,0.0,6.0,0.3462857142857143
0.0,bridge_biased,32,0.7708333333333334,0.151875,0.0,6.0,0.268
0.0,bridge_biased,33,0.8375,0.15583333333333335,0.0,6.0,0.25857142857142856
0.0,bridge_biased,34,0.7958333333333333,0.14179166666666665,0.0,6.0,0.21085714285714285
0.0,bridge_biased,35,0.8458333333333333,0.142375,0.0,6.0,0.22528571428571428
0.0,bridge_biased,36,0.8375,0.15866666666666665,0.0,6.0,0.32057142857142856
0.0,bridge_biased,37,0.7625,0.11654166666666665,0.0,6.0,0.22671428571428573
0.0,bridge_biased,38,0.8333333333333334,0.16104166666666667,0.0,6.0,0.30357142857142855
0.0,bridge_biased,39,0.8083333333333333,0.15775000000000003,0.0,6.0,0.28457142857142853
0.0,bridge_biased,40,0.775,0.20083333333333328,0.0,6.0,0.2834285714285714
0.0,bridge_biased,41,0.8083333333333333,0.13329166666666661,0.0,6.0,0.312
0.0,bridge_biased,42,0.825,0.16129166666666667,0.0,6.0,0.3372857142857143
0.0,bridge_biased,43,0.85,0.1664583333333334,0.0,6.0,0.213
0.0,bridge_biased,44,0.8291666666666667,0.12812499999999996,0.0,6.0,0.24914285714285714
0.0,bridge_biased,45,0.8,0.1445,0.0,6.0,0.22628571428571428
0.0,bridge_biased,46,0.8041666666666667,0.18141666666666667,0.0,6.0,0.22371428571428573
0.0,bridge_biased,47,0.8041666666666667,0.16454166666666667,0.0,6.0,0.37057142857142855
0.0,bridge_biased,48,0.825,0.14687499999999998,0.0,6.0,0.3232857142857143
0.0,bridge_biased,49,0.7541666666666667,0.146375,0.0,6.0,0.26685714285714285
0.0,bridge_biased,50,0.7875,0.1507083333333333,0.0,6.0,0.36457142857142855
0.0,nonbridge_biased,1,0.8041666666666667,0.154,0.0,6.0,0.27742857142857147
0.0,nonbridge_biased,2,0.7958333333333333,0.12729166666666664,0.0,6.0,0.27942857142857147
0.0,nonbridge_biased,3,0.7958333333333333,0.16054166666666667,0.0,6.0,0.27142857142857146
0.0,nonbridge_biased,4,0.7791666666666667,0.1784166666666667,0.0,6.0,0.265
0.0,nonbridge_biased,5,0.7916666666666666,0.14075,0.0,6.0,0.3181428571428571
0.0,nonbridge_biased,6,0.8125,0.14995833333333333,0.0,6.0,0.26171428571428573
0.0,nonbridge_biased,7,0.7666666666666667,0.16066666666666662,0.0,6.0,0.38257142857142856
0.0,nonbridge_biased,8,0.8,0.15829166666666666,0.0,6.0,0.27214285714285713
0.0,nonbridge_biased,9,0.7833333333333333,0.13524999999999998,0.0,6.0,0.28485714285714286
0.0,nonbridge_biased,10,0.8458333333333333,0.21212499999999998,0.0,6.0,0.23842857142857143
0.0,nonbridge_biased,11,0.8125,0.14887499999999998,0.0,6.0,0.37557142857142856
0.0,nonbridge_biased,12,0.7916666666666666,0.12604166666666666,0.0,6.0,0.18857142857142856
0.0,nonbridge_biased,13,0.8333333333333334,0.14816666666666667,0.0,6.0,0.2581428571428571
0.0,nonbridge_biased,14,0.7958333333333333,0.13179166666666664,0.0,6.0,0.39028571428571424
0.0,nonbridge_biased,15,0.7291666666666666,0.1495,0.0,6.0,0.3527142857142857
0.0,nonbridge_biased,16,0.8,0.13545833333333332,0.0,6.0,0.20828571428571427
0.0,nonbridge_biased,17,0.8041666666666667,0.14712499999999998,0.0,6.0,0.3117142857142857
0.0,nonbridge_biased,18,0.7416666666666667,0.14445833333333333,0.0,6.0,0.35928571428571426
0.0,nonbridge_biased,19,0.8458333333333333,0.14908333333333335,0.0,6.0,0.3402857142857143
0.0,nonbridge_biased,20,0.7708333333333334,0.1514583333333333,0.0,6.0,0.25671428571428573
0.0,nonbridge_biased,21,0.775,0.13183333333333333,0.0,6.0,0.26157142857142857
0.0,nonbridge_biased,22,0.8,0.14708333333333332,0.0,6.0,0.2894285714285714
0.0,nonbridge_biased,23,0.8166666666666667,0.14116666666666666,0.0,6.0,0.27242857142857146
0.0,nonbridge_biased,24,0.7833333333333333,0.1398333333333333,0.0,6.0,0.33728571428571436
0.0,nonbridge_biased,25,0.8416666666666667,0.15066666666666662,0.0,6.0,0.25
0.0,nonbridge_biased,26,0.8125,0.12516666666666665,0.0,6.0,0.319
0.0,nonbridge_biased,27,0.7833333333333333,0.14245833333333333,0.0,6.0,0.3197142857142857
0.0,nonbridge_biased,28,0.825,0.14266666666666664,0.0,6.0,0.28771428571428564
0.0,nonbridge_biased,29,0.8291666666666667,0.14379166666666665,0.0,6.0,0.2788571428571429
0.0,nonbridge_biased,30,0.7916666666666666,0.12391666666666666,0.0,6.0,0.25000000000000006
0.0,nonbridge_biased,31,0.7958333333333333,0.14904166666666666,0.0,6.0,0.33614285714285713
0.0,nonbridge_biased,32,0.7833333333333333,0.14833333333333332,0.0,6.0,0.23585714285714282
0.0,nonbridge_biased,33,0.7875,0.1444583333333333,0.0,6.0,0.42342857142857143
0.0,nonbridge_biased,34,0.8208333333333333,0.15625000000000003,0.0,6.0,0.36942857142857144
0.0,nonbridge_biased,35,0.8,0.169375,0.0,6.0,0.27885714285714286
0.0,nonbridge_biased,36,0.8083333333333333,0.15091666666666667,0.0,6.0,0.2831428571428571
0.0,nonbridge_biased,37,0.7875,0.13366666666666663,0.0,6.0,0.37257142857142855
0.0,nonbridge_biased,38,0.8458333333333333,0.15462499999999998,0.0,6.0,0.31314285714285717
0.0,nonbridge_biased,39,0.775,0.19816666666666666,0.0,6.0,0.22957142857142857
0.0,nonbridge_biased,40,0.7916666666666666,0.16620833333333326,0.0,6.0,0.19457142857142856
0.0,nonbridge_biased,41,0.7875,0.1507083333333333,0.0,6.0,0.24328571428571427
0.0,nonbridge_biased,42,0.8333333333333334,0.15091666666666664,0.0,6.0,0.283
0.0,nonbridge_biased,43,0.7958333333333333,0.17516666666666666,0.0,6.0,0.444
0.0,nonbridge_biased,44,0.7875,0.14145833333333332,0.0,6.0,0.3738571428571429
0.0,nonbridge_biased,45,0.8208333333333333,0.16024999999999998,0.0,6.0,0.3357142857142858
0.0,nonbridge_biased,46,0.8125,0.15404166666666666,0.0,6.0,0.291
0.0,nonbridge_biased,47,0.7875,0.14441666666666667,0.0,6.0,0.3251428571428571
0.0,nonbridge_biased,48,0.7875,0.13904166666666665,0.0,6.0,0.2414285714285714
0.0,nonbridge_biased,49,0.7458333333333333,0.15341666666666665,0.0,6.0,0.3201428571428571
0.0,nonbridge_biased,50,0.7791666666666667,0.16479166666666664,0.0,6.0,0.33128571428571435
0.0,highdeg_nonbridge,1,0.8333333333333334,0.14191666666666666,0.0,6.0,0.3281428571428572
0.0,highdeg_nonbridge,2,0.7916666666666666,0.13645833333333332,0.0,6.0,0.3041428571428571
0.0,highdeg_nonbridge,3,0.8083333333333333,0.14395833333333333,0.0,6.0,0.29557142857142854
0.0,highdeg_nonbridge,4,0.7875,0.17400000000000004,0.0,6.0,0.3632857142857143
0.0,highdeg_nonbridge,5,0.8333333333333334,0.17545833333333336,0.0,6.0,0.23357142857142857
0.0,highdeg_nonbridge,6,0.7416666666666667,0.12829166666666666,0.0,6.0,0.31685714285714284
0.0,highdeg_nonbridge,7,0.7833333333333333,0.15566666666666668,0.0,6.0,0.26842857142857146
0.0,highdeg_nonbridge,8,0.8,0.16899999999999998,0.0,6.0,0.24899999999999997
0.0,highdeg_nonbridge,9,0.8166666666666667,0.13416666666666668,0.0,6.0,0.33957142857142864
0.0,highdeg_nonbridge,10,0.8,0.19545833333333335,0.0,6.0,0.43328571428571433
0.0,highdeg_nonbridge,11,0.8375,0.15437499999999996,0.0,6.0,0.38671428571428573
0.0,highdeg_nonbridge,12,0.8583333333333333,0.14766666666666667,0.0,6.0,0.37457142857142856
0.0,highdeg_nonbridge,13,0.7791666666666667,0.15304166666666663,0.0,6.0,0.256
0.0,highdeg_nonbridge,14,0.7833333333333333,0.13416666666666666,0.0,6.0,0.39142857142857146
0.0,highdeg_nonbridge,15,0.7875,0.15770833333333334,0.0,6.0,0.211
0.0,highdeg_nonbridge,16,0.825,0.15041666666666667,0.0,6.0,0.28728571428571426
0.0,highdeg_nonbridge,17,0.8041666666666667,0.1399583333333333,0.0,6.0,0.323
0.0,highdeg_nonbridge,18,0.7916666666666666,0.155,0.0,6.0,0.24299999999999997
0.0,highdeg_nonbridge,19,0.8,0.14304166666666668,0.0,6.0,0.3501428571428571
0.0,highdeg_nonbridge,20,0.8416666666666667,0.14679166666666668,0.0,6.0,0.34657142857142853
0.0,highdeg_nonbridge,21,0.8083333333333333,0.14983333333333332,0.0,6.0,0.18514285714285714
0.0,highdeg_nonbridge,22,0.8041666666666667,0.12766666666666665,0.0,6.0,0.2554285714285714
0.0,highdeg_nonbridge,23,0.825,0.13049999999999998,0.0,6.0,0.3352857142857143
0.0,highdeg_nonbridge,24,0.7666666666666667,0.13154166666666664,0.0,6.0,0.25485714285714284
0.0,highdeg_nonbridge,25,0.8041666666666667,0.17158333333333334,0.0,6.0,0.34371428571428564
0.0,highdeg_nonbridge,26,0.8083333333333333,0.15241666666666664,0.0,6.0,0.37314285714285716
0.0,highdeg_nonbridge,27,0.7875,0.14775,0.0,6.0,0.30228571428571427
0.0,highdeg_nonbridge,28,0.8416666666666667,0.16779166666666673,0.0,6.0,0.3368571428571429
0.0,highdeg_nonbridge,29,0.7833333333333333,0.15533333333333332,0.0,6.0,0.32628571428571423
0.0,highdeg_nonbridge,30,0.7625,0.16883333333333334,0.0,6.0,0.36542857142857144
0.0,highdeg_nonbridge,31,0.8291666666666667,0.15358333333333332,0.0,6.0,0.28157142857142853
0.0,highdeg_nonbridge,32,0.775,0.15079166666666666,0.0,6.0,0.20871428571428569
0.0,highdeg_nonbridge,33,0.8458333333333333,0.14625,0.0,6.0,0.2765714285714286
0.0,highdeg_nonbridge,34,0.8375,0.15562499999999999,0.0,6.0,0.3004285714285714
0.0,highdeg_nonbridge,35,0.8,0.13954166666666665,0.0,6.0,0.216
0.0,highdeg_nonbridge,36,0.8416666666666667,0.16754166666666667,0.0,6.0,0.37014285714285716
0.0,highdeg_nonbridge,37,0.7583333333333333,0.125875,0.0,6.0,0.2661428571428571
0.0,highdeg_nonbridge,38,0.8666666666666667,0.15545833333333334,0.0,6.0,0.27114285714285713
0.0,highdeg_nonbridge,39,0.8041666666666667,0.151875,0.0,6.0,0.4282857142857143
0.0,highdeg_nonbridge,40,0.7791666666666667,0.17270833333333335,0.0,6.0,0.22328571428571425
0.0,highdeg_nonbridge,41,0.8125,0.1343333333333333,0.0,6.0,0.2768571428571429
0.0,highdeg_nonbridge,42,0.7875,0.15216666666666662,0.0,6.0,0.3484285714285714
0.0,highdeg_nonbridge,43,0.8125,0.14654166666666665,0.0,6.0,0.2957142857142857
0.0,highdeg_nonbridge,44,0.825,0.13841666666666666,0.0,6.0,0.2824285714285714
0.0,highdeg_nonbridge,45,0.8166666666666667,0.15579166666666663,0.0,6.0,0.31828571428571434
0.0,highdeg_nonbridge,46,0.8083333333333333,0.14462499999999998,0.0,6.0,0.33671428571428574
0.0,highdeg_nonbridge,47,0.7625,0.17425000000000002,0.0,6.0,0.31142857142857144
0.0,highdeg_nonbridge,48,0.8,0.1599583333333333,0.0,6.0,0.3308571428571429
0.0,highdeg_nonbridge,49,0.8041666666666667,0.15129166666666666,0.0,6.0,0.18028571428571427
0.0,highdeg_nonbridge,50,0.7958333333333333,0.1572916666666667,0.0,6.0,0.4187142857142857
0.2,bridge_biased,1,0.8083333333333333,0.16070833333333334,0.0,6.0,0.37128571428571433
0.2,bridge_biased,2,0.7916666666666666,0.12725,0.0,6.0,0.33171428571428574
0.2,bridge_biased,3,0.75,0.14370833333333333,0.0,6.0,0.23285714285714285
0.2,bridge_biased,4,0.8041666666666667,0.17675000000000002,0.0,6.0,0.25071428571428567
0.2,bridge_biased,5,0.7916666666666666,0.14787499999999998,0.0,6.0,0.34814285714285714
0.2,bridge_biased,6,0.8041666666666667,0.12920833333333331,0.0,6.0,0.36157142857142854
0.2,bridge_biased,7,0.7958333333333333,0.1703333333333333,0.0,6.0,0.22142857142857142
0.2,bridge_biased,8,0.7833333333333333,0.14641666666666664,0.0,6.0,0.29414285714285715
0.2,bridge_biased,9,0.7791666666666667,0.1432083333333333,0.0,6.0,0.29771428571428576
0.2,bridge_biased,10,0.8125,0.18258333333333332,0.0,6.0,0.27085714285714285
0.2,bridge_biased,11,0.7833333333333333,0.13649999999999998,0.0,6.0,0.313
0.2,bridge_biased,12,0.8208333333333333,0.15458333333333335,0.0,6.0,0.367
0.2,bridge_biased,13,0.7666666666666667,0.14641666666666667,0.0,6.0,0.2708571428571429
0.2,bridge_biased,14,0.8291666666666667,0.122875,0.0,6.0,0.31757142857142856
0.2,bridge_biased,15,0.775,0.14841666666666664,0.0,6.0,0.2611428571428571
0.2,bridge_biased,16,0.8166666666666667,0.15758333333333335,0.0,6.0,0.24757142857142855
0.2,bridge_biased,17,0.8041666666666667,0.13266666666666665,0.0,6.0,0.327
0.2,bridge_biased,18,0.6958333333333333,0.12095833333333332,0.0,6.0,0.274
0.2,bridge_biased,19,0.7791666666666667,0.14170833333333333,0.0,6.0,0.2869999999999999
0.2,bridge_biased,20,0.7791666666666667,0.14525,0.0,6.0,0.3012857142857143
0.2,bridge_biased,21,0.7583333333333333,0.13554166666666667,0.0,6.0,0.3038571428571429
0.2,bridge_biased,22,0.775,0.132125,0.0,6.0,0.21585714285714283
0.2,bridge_biased,23,0.775,0.12425000000000001,0.0,6.0,0.3558571428571428
0.2,bridge_biased,24,0.7833333333333333,0.11808333333333332,0.0,6.0,0.39257142857142857
0.2,bridge_biased,25,0.7916666666666666,0.15295833333333334,0.0,6.0,0.3848571428571428
0.2,bridge_biased,26,0.7875,0.15129166666666666,0.0,6.0,0.37628571428571433
0.2,bridge_biased,27,0.7791666666666667,0.1420833333333333,0.0,6.0,0.2431428571428571
0.2,bridge_biased,28,0.8166666666666667,0.13566666666666666,0.0,6.0,0.336
0.2,bridge_biased,29,0.8333333333333334,0.12125,0.0,6.0,0.31257142857142856
0.2,bridge_biased,30,0.7666666666666667,0.13079166666666667,0.0,6.0,0.304
0.2,bridge_biased,31,0.8333333333333334,0.1415833333333333,0.0,6.0,0.3727142857142857
0.2,bridge_biased,32,0.7833333333333333,0.14466666666666664,0.0,6.0,0.3897142857142858
0.2,bridge_biased,33,0.8291666666666667,0.1455833333333333,0.0,6.0,0.32257142857142856
0.2,bridge_biased,34,0.8,0.151875,0.0,6.0,0.24657142857142855
0.2,bridge_biased,35,0.7666666666666667,0.16166666666666668,0.0,6.0,0.29542857142857143
0.2,bridge_biased,36,0.7583333333333333,0.13779166666666665,0.0,6.0,0.29842857142857143
0.2,bridge_biased,37,0.7125,0.10945833333333331,0.0,6.0,0.34757142857142853
0.2,bridge_biased,38,0.8291666666666667,0.14125,0.0,6.0,0.25157142857142856
0.2,bridge_biased,39,0.7833333333333333,0.15,0.0,6.0,0.35357142857142854
0.2,bridge_biased,40,0.8041666666666667,0.17562499999999998,0.0,6.0,0.302
0.2,bridge_biased,41,0.7833333333333333,0.12429166666666668,0.0,6.0,0.24585714285714286
0.2,bridge_biased,42,0.8125,0.15454166666666666,0.0,6.0,0.21457142857142855
0.2,bridge_biased,43,0.825,0.14033333333333334,0.0,6.0,0.3018571428571428
0.2,bridge_biased,44,0.7875,0.14091666666666666,0.0,6.0,0.24371428571428572
0.2,bridge_biased,45,0.775,0.170875,0.0,6.0,0.205
0.2,bridge_biased,46,0.7541666666666667,0.14116666666666663,0.0,6.0,0.281
0.2,bridge_biased,47,0.7458333333333333,0.1445833333333333,0.0,6.0,0.28928571428571426
0.2,bridge_biased,48,0.75,0.131375,0.0,6.0,0.4051428571428572
0.2,bridge_biased,49,0.7875,0.17662499999999998,0.0,6.0,0.2762857142857143
0.2,bridge_biased,50,0.75,0.163,0.0,6.0,0.23014285714285715
0.2,nonbridge_biased,1,0.7458333333333333,0.14183333333333334,0.0,6.0,0.325
0.2,nonbridge_biased,2,0.7583333333333333,0.13262499999999997,0.0,6.0,0.32057142857142856
0.2,nonbridge_biased,3,0.7458333333333333,0.14679166666666665,0.0,6.0,0.27871428571428575
0.2,nonbridge_biased,4,0.7625,0.14270833333333333,0.0,6.0,0.2864285714285714
0.2,nonbridge_biased,5,0.7166666666666667,0.13891666666666663,0.0,6.0,0.3287142857142857
0.2,nonbridge_biased,6,0.775,0.15404166666666666,0.0,6.0,0.322
0.2,nonbridge_biased,7,0.7416666666666667,0.14962499999999998,0.0,6.0,0.3908571428571429
0.2,nonbridge_biased,8,0.7708333333333334,0.13529166666666664,0.0,6.0,0.2612857142857143
0.2,nonbridge_biased,9,0.7166666666666667,0.13929166666666665,0.0,6.0,0.2642857142857143
0.2,nonbridge_biased,10,0.7916666666666666,0.17804166666666668,0.0,6.0,0.2738571428571429
0.2,nonbridge_biased,11,0.7125,0.1408333333333333,0.0,6.0,0.3677142857142857
0.2,nonbridge_biased,12,0.7958333333333333,0.12491666666666665,0.0,6.0,0.24342857142857144
0.2,nonbridge_biased,13,0.6916666666666667,0.16258333333333333,0.0,6.0,0.1847142857142857
0.2,nonbridge_biased,14,0.7583333333333333,0.14024999999999999,0.0,6.0,0.36342857142857143
0.2,nonbridge_biased,15,0.7833333333333333,0.13670833333333332,0.0,6.0,0.3568571428571429
0.2,nonbridge_biased,16,0.7416666666666667,0.13858333333333334,0.0,6.0,0.28214285714285714
0.2,nonbridge_biased,17,0.7833333333333333,0.15166666666666662,0.0,6.0,0.2727142857142857
0.2,nonbridge_biased,18,0.7583333333333333,0.1555,0.0,6.0,0.28928571428571426
0.2,nonbridge_biased,19,0.7708333333333334,0.11766666666666666,0.0,6.0,0.30528571428571427
0.2,nonbridge_biased,20,0.75,0.16216666666666668,0.0,6.0,0.407
0.2,nonbridge_biased,21,0.7958333333333333,0.13854166666666665,0.0,6.0,0.4271428571428571
0.2,nonbridge_biased,22,0.7208333333333333,0.1307083333333333,0.0,6.0,0.26442857142857146
0.2,nonbridge_biased,23,0.7583333333333333,0.13541666666666663,0.0,6.0,0.32471428571428573
0.2,nonbridge_biased,24,0.7375,0.13608333333333328,0.0,6.0,0.33985714285714286
0.2,nonbridge_biased,25,0.7875,0.135875,0.0,6.0,0.25971428571428573
0.2,nonbridge_biased,26,0.7625,0.1259583333333333,0.0,6.0,0.3499999999999999
0.2,nonbridge_biased,27,0.8,0.12791666666666665,0.0,6.0,0.2924285714285714
0.2,nonbridge_biased,28,0.7458333333333333,0.13662499999999997,0.0,6.0,0.35285714285714287
0.2,nonbridge_biased,29,0.7625,0.158125,0.0,6.0,0.2341428571428571
0.2,nonbridge_biased,30,0.7666666666666667,0.1379583333333333,0.0,6.0,0.3217142857142858
0.2,nonbridge_biased,31,0.75,0.14279166666666665,0.0,6.0,0.29757142857142854
0.2,nonbridge_biased,32,0.7875,0.12983333333333333,0.0,6.0,0.21771428571428572
0.2,nonbridge_biased,33,0.7583333333333333,0.17295833333333335,0.0,6.0,0.24228571428571427
0.2,nonbridge_biased,34,0.7333333333333333,0.1368333333333333,0.0,6.0,0.3664285714285714
0.2,nonbridge_biased,35,0.8041666666666667,0.16479166666666664,0.0,6.0,0.3315714285714286
0.2,nonbridge_biased,36,0.8,0.16720833333333332,0.0,6.0,0.34128571428571436
0.2,nonbridge_biased,37,0.7291666666666666,0.11891666666666662,0.0,6.0,0.33342857142857146
0.2,nonbridge_biased,38,0.75,0.14204166666666665,0.0,6.0,0.2788571428571429
0.2,nonbridge_biased,39,0.75,0.15779166666666664,0.0,6.0,0.25785714285714284
0.2,nonbridge_biased,40,0.7208333333333333,0.1477083333333333,0.0,6.0,0.38642857142857145
0.2,nonbridge_biased,41,0.7791666666666667,0.11816666666666664,0.0,6.0,0.24228571428571427
0.2,nonbridge_biased,42,0.7041666666666667,0.13212499999999996,0.0,6.0,0.31742857142857145
0.2,nonbridge_biased,43,0.7,0.13520833333333332,0.0,6.0,0.2831428571428571
0.2,nonbridge_biased,44,0.7583333333333333,0.13291666666666666,0.0,6.0,0.3337142857142857
0.2,nonbridge_biased,45,0.7,0.15204166666666666,0.0,6.0,0.26985714285714285
0.2,nonbridge_biased,46,0.7625,0.13891666666666666,0.0,6.0,0.2808571428571429
0.2,nonbridge_biased,47,0.7583333333333333,0.13758333333333334,0.0,6.0,0.3261428571428571
0.2,nonbridge_biased,48,0.7375,0.1458333333333333,0.0,6.0,0.39157142857142857
0.2,nonbridge_biased,49,0.7708333333333334,0.1410833333333333,0.0,6.0,0.194
0.2,nonbridge_biased,50,0.7041666666666667,0.14091666666666666,0.0,6.0,0.26742857142857146
0.2,highdeg_nonbridge,1,0.7916666666666666,0.1445833333333333,0.0,6.0,0.34485714285714286
0.2,highdeg_nonbridge,2,0.7666666666666667,0.13295833333333335,0.0,6.0,0.1954285714285714
0.2,highdeg_nonbridge,3,0.75,0.14804166666666663,0.0,6.0,0.207
0.2,highdeg_nonbridge,4,0.8041666666666667,0.1665416666666667,0.0,6.0,0.3001428571428571
0.2,highdeg_nonbridge,5,0.7916666666666666,0.15049999999999997,0.0,6.0,0.23314285714285712
0.2,highdeg_nonbridge,6,0.8166666666666667,0.14254166666666665,0.0,6.0,0.4615714285714286
0.2,highdeg_nonbridge,7,0.7541666666666667,0.1606666666666667,0.0,6.0,0.24714285714285714
0.2,highdeg_nonbridge,8,0.8166666666666667,0.14679166666666665,0.0,6.0,0.34885714285714287
0.2,highdeg_nonbridge,9,0.7583333333333333,0.13554166666666667,0.0,6.0,0.314
0.2,highdeg_nonbridge,10,0.8083333333333333,0.1840416666666667,0.0,6.0,0.32757142857142857
0.2,highdeg_nonbridge,11,0.7791666666666667,0.163125,0.0,6.0,0.29642857142857143
0.2,highdeg_nonbridge,12,0.7833333333333333,0.12770833333333334,0.0,6.0,0.288
0.2,highdeg_nonbridge,13,0.75,0.17070833333333332,0.0,6.0,0.25199999999999995
0.2,highdeg_nonbridge,14,0.7958333333333333,0.11170833333333331,0.0,6.0,0.328
0.2,highdeg_nonbridge,15,0.7625,0.1474583333333333,0.0,6.0,0.40571428571428575
0.2,highdeg_nonbridge,16,0.7541666666666667,0.14091666666666666,0.0,6.0,0.3557142857142857
0.2,highdeg_nonbridge,17,0.7916666666666666,0.1597916666666667,0.0,6.0,0.32128571428571434
0.2,highdeg_nonbridge,18,0.7375,0.1627916666666667,0.0,6.0,0.2698571428571428
0.2,highdeg_nonbridge,19,0.7541666666666667,0.14279166666666665,0.0,6.0,0.3514285714285714
0.2,highdeg_nonbridge,20,0.7791666666666667,0.16625,0.0,6.0,0.30042857142857143
0.2,highdeg_nonbridge,21,0.8,0.12383333333333332,0.0,6.0,0.44271428571428567
0.2,highdeg_nonbridge,22,0.7708333333333334,0.14604166666666668,0.0,6.0,0.324
0.2,highdeg_nonbridge,23,0.7625,0.14941666666666664,0.0,6.0,0.26242857142857146
0.2,highdeg_nonbridge,24,0.7833333333333333,0.12349999999999998,0.0,6.0,0.31357142857142856
0.2,highdeg_nonbridge,25,0.8166666666666667,0.1932916666666666,0.0,6.0,0.28485714285714286
0.2,highdeg_nonbridge,26,0.775,0.13445833333333332,0.0,6.0,0.2884285714285714
0.2,highdeg_nonbridge,27,0.7958333333333333,0.15933333333333335,0.0,6.0,0.22714285714285712
0.2,highdeg_nonbridge,28,0.8,0.16945833333333332,0.0,6.0,0.2728571428571429
0.2,highdeg_nonbridge,29,0.7791666666666667,0.12549999999999997,0.0,6.0,0.28514285714285714
0.2,highdeg_nonbridge,30,0.7833333333333333,0.13274999999999998,0.0,6.0,0.24842857142857144
0.2,highdeg_nonbridge,31,0.8208333333333333,0.15087499999999998,0.0,6.0,0.32785714285714285
0.2,highdeg_nonbridge,32,0.8125,0.12641666666666665,0.0,6.0,0.299
0.2,highdeg_nonbridge,33,0.8375,0.1606666666666667,0.0,6.0,0.25242857142857145
0.2,highdeg_nonbridge,34,0.7916666666666666,0.14858333333333332,0.0,6.0,0.2622857142857143
0.2,highdeg_nonbridge,35,0.7916666666666666,0.17308333333333334,0.0,6.0,0.1824285714285714
0.2,highdeg_nonbridge,36,0.775,0.16,0.0,6.0,0.24142857142857138
0.2,highdeg_nonbridge,37,0.7666666666666667,0.12437499999999996,0.0,6.0,0.4037142857142857
0.2,highdeg_nonbridge,38,0.8208333333333333,0.12558333333333332,0.0,6.0,0.3762857142857143
0.2,highdeg_nonbridge,39,0.7833333333333333,0.14941666666666667,0.0,6.0,0.43
0.2,highdeg_nonbridge,40,0.7541666666666667,0.1618333333333333,0.0,6.0,0.27814285714285714
0.2,highdeg_nonbridge,41,0.7375,0.13566666666666663,0.0,6.0,0.29371428571428565
0.2,highdeg_nonbridge,42,0.8083333333333333,0.15308333333333332,0.0,6.0,0.2758571428571429
0.2,highdeg_nonbridge,43,0.8083333333333333,0.1731666666666667,0.0,6.0,0.3112857142857143
0.2,highdeg_nonbridge,44,0.7875,0.14158333333333334,0.0,6.0,0.39428571428571435
0.2,highdeg_nonbridge,45,0.7916666666666666,0.16599999999999998,0.0,6.0,0.33342857142857146
0.2,highdeg_nonbridge,46,0.7833333333333333,0.14570833333333333,0.0,6.0,0.3668571428571429
0.2,highdeg_nonbridge,47,0.7625,0.14754166666666665,0.0,6.0,0.24471428571428572
0.2,highdeg_nonbridge,48,0.775,0.148125,0.0,6.0,0.33885714285714286
0.2,highdeg_nonbridge,49,0.7958333333333333,0.13904166666666665,0.0,6.0,0.2531428571428571
0.2,highdeg_nonbridge,50,0.7958333333333333,0.15866666666666668,0.0,6.0,0.3212857142857143
0.35,bridge_biased,1,0.5958333333333333,0.09716666666666665,0.0,6.0,0.3998571428571429
0.35,bridge_biased,2,0.525,0.09454166666666666,0.0,6.0,0.305
0.35,bridge_biased,3,0.525,0.11591666666666665,0.0,6.0,0.30328571428571427
0.35,bridge_biased,4,0.6291666666666667,0.14870833333333333,0.0,6.0,0.211
0.35,bridge_biased,5,0.5375,0.086875,0.0,6.0,0.2848571428571428
0.35,bridge_biased,6,0.5041666666666667,0.09820833333333333,0.0,6.0,0.3757142857142858
0.35,bridge_biased,7,0.5791666666666667,0.12358333333333332,0.0,6.0,0.24371428571428572
0.35,bridge_biased,8,0.4875,0.10516666666666664,0.0,6.0,0.26785714285714285
0.35,bridge_biased,9,0.575,0.1549583333333333,0.0,6.0,0.30614285714285716
0.35,bridge_biased,10,0.6583333333333333,0.13820833333333332,0.0,6.0,0.267
0.35,bridge_biased,11,0.5833333333333334,0.11495833333333332,0.0,6.0,0.3375714285714286
0.35,bridge_biased,12,0.6291666666666667,0.13545833333333332,0.0,6.0,0.25871428571428573
0.35,bridge_biased,13,0.5541666666666667,0.12566666666666668,0.0,6.0,0.27914285714285714
0.35,bridge_biased,14,0.43333333333333335,0.08474999999999999,0.0,6.0,0.37528571428571433
0.35,bridge_biased,15,0.525,0.12012499999999998,0.0,6.0,0.23442857142857138
0.35,bridge_biased,16,0.6083333333333333,0.11354166666666664,0.0,6.0,0.4861428571428571
0.35,bridge_biased,17,0.6375,0.12695833333333334,0.0,6.0,0.3638571428571428
0.35,bridge_biased,18,0.5791666666666667,0.13695833333333332,0.0,6.0,0.3361428571428572
0.35,bridge_biased,19,0.5041666666666667,0.08624999999999998,0.0,6.0,0.27
0.35,bridge_biased,20,0.5125,0.10533333333333332,0.0,6.0,0.24157142857142855
0.35,bridge_biased,21,0.4125,0.08012499999999999,0.0,6.0,0.27428571428571424
0.35,bridge_biased,22,0.5583333333333333,0.09404166666666665,0.0,6.0,0.28814285714285715
0.35,bridge_biased,23,0.5958333333333333,0.13124999999999998,0.0,6.0,0.3307142857142857
0.35,bridge_biased,24,0.5875,0.12154166666666665,0.0,6.0,0.29928571428571427
0.35,bridge_biased,25,0.5958333333333333,0.12558333333333332,0.0,6.0,0.29285714285714287
0.35,bridge_biased,26,0.6208333333333333,0.13066666666666663,0.0,6.0,0.21942857142857142
0.35,bridge_biased,27,0.575,0.10441666666666664,0.0,6.0,0.3151428571428571
0.35,bridge_biased,28,0.4708333333333333,0.09624999999999999,0.0,6.0,0.49271428571428566
0.35,bridge_biased,29,0.6958333333333333,0.12804166666666666,0.0,6.0,0.2417142857142857
0.35,bridge_biased,30,0.5708333333333333,0.10179166666666666,0.0,6.0,0.2632857142857143
0.35,bridge_biased,31,0.55,0.09300000000000001,0.0,6.0,0.356
0.35,bridge_biased,32,0.5,0.09104166666666665,0.0,6.0,0.4004285714285714
0.35,bridge_biased,33,0.6291666666666667,0.16441666666666666,0.0,6.0,0.20171428571428573
0.35,bridge_biased,34,0.5916666666666667,0.10395833333333332,0.0,6.0,0.35657142857142854
0.35,bridge_biased,35,0.6375,0.15937499999999996,0.0,6.0,0.28471428571428564
0.35,bridge_biased,36,0.5916666666666667,0.09375,0.0,6.0,0.19114285714285711
0.35,bridge_biased,37,0.4583333333333333,0.06479166666666666,0.0,6.0,0.28471428571428564
0.35,bridge_biased,38,0.6,0.12916666666666665,0.0,6.0,0.23885714285714282
0.35,bridge_biased,39,0.5125,0.12270833333333332,0.0,6.0,0.3145714285714286
0.35,bridge_biased,40,0.5708333333333333,0.14979166666666663,0.0,6.0,0.3387142857142857
0.35,bridge_biased,41,0.5875,0.14104166666666665,0.0,6.0,0.3625714285714286
0.35,bridge_biased,42,0.6041666666666666,0.09820833333333333,0.0,6.0,0.2611428571428571
0.35,bridge_biased,43,0.5333333333333333,0.09904166666666665,0.0,6.0,0.31828571428571434
0.35,bridge_biased,44,0.525,0.09670833333333333,0.0,6.0,0.368
0.35,bridge_biased,45,0.5166666666666667,0.11749999999999998,0.0,6.0,0.3591428571428571
0.35,bridge_biased,46,0.525,0.12249999999999997,0.0,6.0,0.3407142857142857
0.35,bridge_biased,47,0.6125,0.13591666666666666,0.0,6.0,0.159
0.35,bridge_biased,48,0.49166666666666664,0.08483333333333334,0.0,6.0,0.2988571428571428
0.35,bridge_biased,49,0.575,0.11033333333333331,0.0,6.0,0.363
0.35,bridge_biased,50,0.5916666666666667,0.11862499999999997,0.0,6.0,0.33642857142857147
0.35,nonbridge_biased,1,0.2625,0.04887500000000001,0.0,6.0,0.3614285714285714
0.35,nonbridge_biased,2,0.35833333333333334,0.06091666666666667,0.0,6.0,0.3687142857142857
0.35,nonbridge_biased,3,0.425,0.09962499999999999,0.0,6.0,0.2718571428571429
0.35,nonbridge_biased,4,0.3458333333333333,0.079125,0.0,6.0,0.34271428571428575
0.35,nonbridge_biased,5,0.425,0.10249999999999997,0.0,6.0,0.3048571428571429
0.35,nonbridge_biased,6,0.3625,0.05674999999999999,0.0,6.0,0.26228571428571434
0.35,nonbridge_biased,7,0.32916666666666666,0.07958333333333333,0.0,6.0,0.25871428571428573
0.35,nonbridge_biased,8,0.4,0.08587499999999998,0.0,6.0,0.2808571428571429
0.35,nonbridge_biased,9,0.32083333333333336,0.069375,0.0,6.0,0.25942857142857145
0.35,nonbridge_biased,10,0.42083333333333334,0.090625,0.0,6.0,0.26657142857142857
0.35,nonbridge_biased,11,0.37916666666666665,0.08179166666666665,0.0,6.0,0.2211428571428571
0.35,nonbridge_biased,12,0.3875,0.06279166666666665,0.0,6.0,0.2054285714285714
0.35,nonbridge_biased,13,0.3958333333333333,0.05929166666666665,0.0,6.0,0.26257142857142857
0.35,nonbridge_biased,14,0.37083333333333335,0.06724999999999999,0.0,6.0,0.1807142857142857
0.35,nonbridge_biased,15,0.4083333333333333,0.09637499999999999,0.0,6.0,0.2808571428571429
0.35,nonbridge_biased,16,0.4125,0.06520833333333333,0.0,6.0,0.32857142857142857
0.35,nonbridge_biased,17,0.3875,0.07991666666666665,0.0,6.0,0.343
0.35,nonbridge_biased,18,0.36666666666666664,0.06170833333333332,0.0,6.0,0.373
0.35,nonbridge_biased,19,0.31666666666666665,0.06024999999999998,0.0,6.0,0.29542857142857143
0.35,nonbridge_biased,20,0.42916666666666664,0.0898333333333333,0.0,6.0,0.3152857142857143
0.35,nonbridge_biased,21,0.3375,0.056083333333333325,0.0,6.0,0.31
0.35,nonbridge_biased,22,0.4083333333333333,0.062249999999999986,0.0,6.0,0.24014285714285713
0.35,nonbridge_biased,23,0.3625,0.05429166666666666,0.0,6.0,0.20885714285714282
0.35,nonbridge_biased,24,0.3541666666666667,0.05658333333333333,0.0,6.0,0.2567142857142857
0.35,nonbridge_biased,25,0.37916666666666665,0.08362499999999999,0.0,6.0,0.232
0.35,nonbridge_biased,26,0.29583333333333334,0.05383333333333334,0.0,6.0,0.35214285714285715
0.35,nonbridge_biased,27,0.3875,0.07949999999999999,0.0,6.0,0.229
0.35,nonbridge_biased,28,0.37083333333333335,0.06858333333333334,0.0,6.0,0.3035714285714286
0.35,nonbridge_biased,29,0.4125,0.1204583333333333,0.0,6.0,0.23099999999999998
0.35,nonbridge_biased,30,0.3958333333333333,0.06970833333333333,0.0,6.0,0.35457142857142854
0.35,nonbridge_biased,31,0.38333333333333336,0.07529166666666666,0.0,6.0,0.29957142857142854
0.35,nonbridge_biased,32,0.2833333333333333,0.049749999999999996,0.0,6.0,0.30742857142857144
0.35,nonbridge_biased,33,0.4,0.09454166666666666,0.0,6.0,0.20885714285714282
0.35,nonbridge_biased,34,0.2708333333333333,0.04641666666666667,0.0,6.0,0.3581428571428571
0.35,nonbridge_biased,35,0.3625,0.06904166666666665,0.0,6.0,0.3494285714285714
0.35,nonbridge_biased,36,0.36666666666666664,0.07770833333333332,0.0,6.0,0.26857142857142857
0.35,nonbridge_biased,37,0.2875,0.05783333333333332,0.0,6.0,0.26642857142857146
0.35,nonbridge_biased,38,0.4166666666666667,0.08445833333333333,0.0,6.0,0.2374285714285714
0.35,nonbridge_biased,39,0.38333333333333336,0.072375,0.0,6.0,0.3387142857142857
0.35,nonbridge_biased,40,0.3125,0.06666666666666667,0.0,6.0,0.18042857142857138
0.35,nonbridge_biased,41,0.37916666666666665,0.08791666666666664,0.0,6.0,0.26742857142857146
0.35,nonbridge_biased,42,0.44166666666666665,0.10720833333333331,0.0,6.0,0.3154285714285714
0.35,nonbridge_biased,43,0.3458333333333333,0.08954166666666666,0.0,6.0,0.26842857142857146
0.35,nonbridge_biased,44,0.2875,0.05358333333333332,0.0,6.0,0.26671428571428574
0.35,nonbridge_biased,45,0.2916666666666667,0.05395833333333334,0.0,6.0,0.3631428571428571
0.35,nonbridge_biased,46,0.39166666666666666,0.07175,0.0,6.0,0.32557142857142857
0.35,nonbridge_biased,47,0.32916666666666666,0.06295833333333332,0.0,6.0,0.3287142857142857
0.35,nonbridge_biased,48,0.3416666666666667,0.06149999999999999,0.0,6.0,0.21185714285714283
0.35,nonbridge_biased,49,0.37916666666666665,0.08066666666666666,0.0,6.0,0.2781428571428572
0.35,nonbridge_biased,50,0.3625,0.077,0.0,6.0,0.17157142857142854
0.35,highdeg_nonbridge,1,0.6208333333333333,0.12920833333333331,0.0,6.0,0.24128571428571427
0.35,highdeg_nonbridge,2,0.5125,0.10125,0.0,6.0,0.3292857142857143
0.35,highdeg_nonbridge,3,0.6083333333333333,0.12737499999999996,0.0,6.0,0.372
0.35,highdeg_nonbridge,4,0.575,0.1505,0.0,6.0,0.2632857142857143
0.35,highdeg_nonbridge,5,0.4166666666666667,0.08537500000000002,0.0,6.0,0.38642857142857145
0.35,highdeg_nonbridge,6,0.5333333333333333,0.09895833333333331,0.0,6.0,0.38271428571428573
0.35,highdeg_nonbridge,7,0.575,0.12091666666666664,0.0,6.0,0.4091428571428571
0.35,highdeg_nonbridge,8,0.5333333333333333,0.12291666666666665,0.0,6.0,0.20214285714285715
0.35,highdeg_nonbridge,9,0.6125,0.15920833333333334,0.0,6.0,0.2802857142857143
0.35,highdeg_nonbridge,10,0.55,0.13204166666666667,0.0,6.0,0.27199999999999996
0.35,highdeg_nonbridge,11,0.4708333333333333,0.09841666666666665,0.0,6.0,0.41
0.35,highdeg_nonbridge,12,0.55,0.11479166666666667,0.0,6.0,0.3447142857142857
0.35,highdeg_nonbridge,13,0.5791666666666667,0.12799999999999997,0.0,6.0,0.27
0.35,highdeg_nonbridge,14,0.525,0.09316666666666665,0.0,6.0,0.32928571428571435
0.35,highdeg_nonbridge,15,0.49583333333333335,0.12095833333333332,0.0,6.0,0.26671428571428574
0.35,highdeg_nonbridge,16,0.55,0.11741666666666666,0.0,6.0,0.32528571428571434
0.35,highdeg_nonbridge,17,0.5666666666666667,0.11658333333333332,0.0,6.0,0.32671428571428573
0.35,highdeg_nonbridge,18,0.5666666666666667,0.11849999999999998,0.0,6.0,0.25742857142857145
0.35,highdeg_nonbridge,19,0.5291666666666667,0.09883333333333333,0.0,6.0,0.42057142857142854
0.35,highdeg_nonbridge,20,0.5708333333333333,0.14174999999999996,0.0,6.0,0.30128571428571427
0.35,highdeg_nonbridge,21,0.4666666666666667,0.09212499999999998,0.0,6.0,0.3177142857142858
0.35,highdeg_nonbridge,22,0.5333333333333333,0.09645833333333333,0.0,6.0,0.2705714285714286
0.35,highdeg_nonbridge,23,0.6333333333333333,0.14725000000000002,0.0,6.0,0.3302857142857143
0.35,highdeg_nonbridge,24,0.6375,0.11929166666666663,0.0,6.0,0.35028571428571426
0.35,highdeg_nonbridge,25,0.6125,0.1305833333333333,0.0,6.0,0.273
0.35,highdeg_nonbridge,26,0.5833333333333334,0.10170833333333335,0.0,6.0,0.3697142857142858
0.35,highdeg_nonbridge,27,0.5708333333333333,0.1254583333333333,0.0,6.0,0.34485714285714286
0.35,highdeg_nonbridge,28,0.5541666666666667,0.102625,0.0,6.0,0.2667142857142857
0.35,highdeg_nonbridge,29,0.5625,0.1195833333333333,0.0,6.0,0.3694285714285714
0.35,highdeg_nonbridge,30,0.5166666666666667,0.12216666666666665,0.0,6.0,0.27271428571428574
0.35,highdeg_nonbridge,31,0.5125,0.07445833333333333,0.0,6.0,0.39157142857142857
0.35,highdeg_nonbridge,32,0.5958333333333333,0.11879166666666667,0.0,6.0,0.2914285714285714
0.35,highdeg_nonbridge,33,0.49583333333333335,0.10079166666666663,0.0,6.0,0.30042857142857143
0.35,highdeg_nonbridge,34,0.5541666666666667,0.09237499999999998,0.0,6.0,0.3345714285714286
0.35,highdeg_nonbridge,35,0.5875,0.12529166666666666,0.0,6.0,0.32542857142857146
0.35,highdeg_nonbridge,36,0.5791666666666667,0.13695833333333332,0.0,6.0,0.30457142857142855
0.35,highdeg_nonbridge,37,0.5125,0.08808333333333332,0.0,6.0,0.3484285714285714
0.35,highdeg_nonbridge,38,0.5041666666666667,0.11233333333333329,0.0,6.0,0.3134285714285714
0.35,highdeg_nonbridge,39,0.5708333333333333,0.13895833333333332,0.0,6.0,0.3231428571428571
0.35,highdeg_nonbridge,40,0.6208333333333333,0.13104166666666664,0.0,6.0,0.2894285714285714
0.35,highdeg_nonbridge,41,0.6,0.11758333333333332,0.0,6.0,0.35842857142857143
0.35,highdeg_nonbridge,42,0.5791666666666667,0.09475,0.0,6.0,0.3671428571428571
0.35,highdeg_nonbridge,43,0.5916666666666667,0.12604166666666664,0.0,6.0,0.35385714285714287
0.35,highdeg_nonbridge,44,0.5208333333333334,0.09445833333333332,0.0,6.0,0.36471428571428566
0.35,highdeg_nonbridge,45,0.5416666666666666,0.12345833333333331,0.0,6.0,0.3375714285714286
0.35,highdeg_nonbridge,46,0.5416666666666666,0.11991666666666662,0.0,6.0,0.22542857142857142
0.35,highdeg_nonbridge,47,0.5083333333333333,0.09187499999999998,0.0,6.0,0.27042857142857146
0.35,highdeg_nonbridge,48,0.49583333333333335,0.10416666666666663,0.0,6.0,0.37242857142857144
0.35,highdeg_nonbridge,49,0.6,0.14783333333333332,0.0,6.0,0.37457142857142856
0.35,highdeg_nonbridge,50,0.625,0.14070833333333332,0.0,6.0,0.21428571428571425
0.5,bridge_biased,1,0.2708333333333333,0.051208333333333335,0.0,6.0,0.37771428571428567
0.5,bridge_biased,2,0.35833333333333334,0.05008333333333333,0.0,6.0,0.2541428571428571
0.5,bridge_biased,3,0.31666666666666665,0.05512499999999999,0.0,6.0,0.3554285714285714
0.5,bridge_biased,4,0.35833333333333334,0.06841666666666665,0.0,6.0,0.20185714285714285
0.5,bridge_biased,5,0.39166666666666666,0.05924999999999999,0.0,6.0,0.4028571428571429
0.5,bridge_biased,6,0.3416666666666667,0.04275,0.0,6.0,0.38642857142857145
0.5,bridge_biased,7,0.3333333333333333,0.058416666666666665,0.0,6.0,0.336
0.5,bridge_biased,8,0.32916666666666666,0.08262499999999999,0.0,6.0,0.2494285714285714
0.5,bridge_biased,9,0.3333333333333333,0.06125,0.0,6.0,0.32442857142857146
0.5,bridge_biased,10,0.4125,0.06887499999999999,0.0,6.0,0.2874285714285714
0.5,bridge_biased,11,0.32916666666666666,0.06929166666666664,0.0,6.0,0.3251428571428571
0.5,bridge_biased,12,0.2875,0.055541666666666656,0.0,6.0,0.26657142857142857
0.5,bridge_biased,13,0.32916666666666666,0.058916666666666666,0.0,6.0,0.28585714285714287
0.5,bridge_biased,14,0.325,0.059041666666666666,0.0,6.0,0.387
0.5,bridge_biased,15,0.32916666666666666,0.05749999999999998,0.0,6.0,0.3362857142857143
0.5,bridge_biased,16,0.325,0.05479166666666666,0.0,6.0,0.29728571428571426
0.5,bridge_biased,17,0.35833333333333334,0.07945833333333333,0.0,6.0,0.23142857142857143
0.5,bridge_biased,18,0.35,0.05687499999999998,0.0,6.0,0.332
0.5,bridge_biased,19,0.3416666666666667,0.05308333333333334,0.0,6.0,0.324
0.5,bridge_biased,20,0.35,0.061374999999999985,0.0,6.0,0.24928571428571425
0.5,bridge_biased,21,0.2875,0.04874999999999999,0.0,6.0,0.36057142857142854
0.5,bridge_biased,22,0.32916666666666666,0.055874999999999994,0.0,6.0,0.33928571428571425
0.5,bridge_biased,23,0.32083333333333336,0.04866666666666666,0.0,6.0,0.32657142857142857
0.5,bridge_biased,24,0.3458333333333333,0.06266666666666666,0.0,6.0,0.34428571428571425
0.5,bridge_biased,25,0.32083333333333336,0.064125,0.0,6.0,0.4601428571428572
0.5,bridge_biased,26,0.325,0.05820833333333332,0.0,6.0,0.13014285714285714
0.5,bridge_biased,27,0.3625,0.06012499999999999,0.0,6.0,0.27842857142857147
0.5,bridge_biased,28,0.30833333333333335,0.046749999999999986,0.0,6.0,0.29271428571428565
0.5,bridge_biased,29,0.475,0.07966666666666666,0.0,6.0,0.32457142857142857
0.5,bridge_biased,30,0.3458333333333333,0.054125,0.0,6.0,0.24857142857142855
0.5,bridge_biased,31,0.3416666666666667,0.060375,0.0,6.0,0.29942857142857143
0.5,bridge_biased,32,0.29583333333333334,0.04633333333333333,0.0,6.0,0.3362857142857143
0.5,bridge_biased,33,0.3416666666666667,0.06387499999999999,0.0,6.0,0.2748571428571429
0.5,bridge_biased,34,0.31666666666666665,0.046875,0.0,6.0,0.28257142857142853
0.5,bridge_biased,35,0.2791666666666667,0.05233333333333332,0.0,6.0,0.32528571428571434
0.5,bridge_biased,36,0.35,0.06595833333333333,0.0,6.0,0.3338571428571429
0.5,bridge_biased,37,0.29583333333333334,0.04766666666666665,0.0,6.0,0.3538571428571428
0.5,bridge_biased,38,0.375,0.063,0.0,6.0,0.3742857142857143
0.5,bridge_biased,39,0.32916666666666666,0.05854166666666667,0.0,6.0,0.312
0.5,bridge_biased,40,0.30833333333333335,0.057749999999999996,0.0,6.0,0.3697142857142857
0.5,bridge_biased,41,0.4125,0.08920833333333329,0.0,6.0,0.21985714285714283
0.5,bridge_biased,42,0.3958333333333333,0.06891666666666664,0.0,6.0,0.34
0.5,bridge_biased,43,0.30833333333333335,0.049666666666666665,0.0,6.0,0.36042857142857143
0.5,bridge_biased,44,0.2708333333333333,0.03779166666666666,0.0,6.0,0.37642857142857145
0.5,bridge_biased,45,0.30416666666666664,0.07054166666666666,0.0,6.0,0.25185714285714284
0.5,bridge_biased,46,0.30416666666666664,0.05029166666666665,0.0,6.0,0.2932857142857142
0.5,bridge_biased,47,0.4375,0.07595833333333334,0.0,6.0,0.3591428571428571
0.5,bridge_biased,48,0.3375,0.05879166666666666,0.0,6.0,0.35757142857142854
0.5,bridge_biased,49,0.4,0.08741666666666664,0.0,6.0,0.1957142857142857
0.5,bridge_biased,50,0.3416666666666667,0.06683333333333331,0.0,6.0,0.2747142857142857
0.5,nonbridge_biased,1,0.21666666666666667,0.04229166666666668,0.0,6.0,0.32857142857142857
0.5,nonbridge_biased,2,0.25833333333333336,0.05070833333333333,0.0,6.0,0.3355714285714286
0.5,nonbridge_biased,3,0.25833333333333336,0.04683333333333334,0.0,6.0,0.34985714285714287
0.5,nonbridge_biased,4,0.20416666666666666,0.04141666666666666,0.0,6.0,0.24857142857142858
0.5,nonbridge_biased,5,0.24166666666666667,0.04629166666666665,0.0,6.0,0.34342857142857147
0.5,nonbridge_biased,6,0.24166666666666667,0.04608333333333332,0.0,6.0,0.281
0.5,nonbridge_biased,7,0.24166666666666667,0.03891666666666667,0.0,6.0,0.2245714285714286
0.5,nonbridge_biased,8,0.2708333333333333,0.04695833333333333,0.0,6.0,0.23428571428571426
0.5,nonbridge_biased,9,0.23333333333333334,0.04587499999999999,0.0,6.0,0.3538571428571428
0.5,nonbridge_biased,10,0.25833333333333336,0.052541666666666646,0.0,6.0,0.334
0.5,nonbridge_biased,11,0.24583333333333332,0.05095833333333332,0.0,6.0,0.30142857142857143
0.5,nonbridge_biased,12,0.2625,0.04904166666666667,0.0,6.0,0.315
0.5,nonbridge_biased,13,0.225,0.036791666666666674,0.0,6.0,0.26857142857142857
0.5,nonbridge_biased,14,0.2708333333333333,0.047708333333333325,0.0,6.0,0.3861428571428571
0.5,nonbridge_biased,15,0.25,0.04737499999999999,0.0,6.0,0.2397142857142857
0.5,nonbridge_biased,16,0.24583333333333332,0.05141666666666666,0.0,6.0,0.4012857142857143
0.5,nonbridge_biased,17,0.25416666666666665,0.045375,0.0,6.0,0.2532857142857143
0.5,nonbridge_biased,18,0.24166666666666667,0.04737499999999999,0.0,6.0,0.3291428571428571
0.5,nonbridge_biased,19,0.225,0.03704166666666667,0.0,6.0,0.20185714285714285
0.5,nonbridge_biased,20,0.2375,0.04145833333333333,0.0,6.0,0.3171428571428571
0.5,nonbridge_biased,21,0.22916666666666666,0.042541666666666665,0.0,6.0,0.2824285714285714
0.5,nonbridge_biased,22,0.225,0.03783333333333333,0.0,6.0,0.24085714285714285
0.5,nonbridge_biased,23,0.2375,0.03929166666666667,0.0,6.0,0.287
0.5,nonbridge_biased,24,0.24583333333333332,0.0365,0.0,6.0,0.25
0.5,nonbridge_biased,25,0.25,0.055583333333333325,0.0,6.0,0.2631428571428571
0.5,nonbridge_biased,26,0.225,0.046125000000000006,0.0,6.0,0.381
0.5,nonbridge_biased,27,0.24583333333333332,0.04833333333333332,0.0,6.0,0.388
0.5,nonbridge_biased,28,0.22083333333333333,0.035375000000000004,0.0,6.0,0.36457142857142855
0.5,nonbridge_biased,29,0.2708333333333333,0.04754166666666666,0.0,6.0,0.3464285714285714
0.5,nonbridge_biased,30,0.25833333333333336,0.04033333333333333,0.0,6.0,0.33814285714285713
0.5,nonbridge_biased,31,0.2708333333333333,0.04954166666666666,0.0,6.0,0.34785714285714286
0.5,nonbridge_biased,32,0.24166666666666667,0.04958333333333333,0.0,6.0,0.19157142857142856
0.5,nonbridge_biased,33,0.275,0.05199999999999999,0.0,6.0,0.21485714285714286
0.5,nonbridge_biased,34,0.22916666666666666,0.03904166666666667,0.0,6.0,0.27499999999999997
0.5,nonbridge_biased,35,0.225,0.04,0.0,6.0,0.26171428571428573
0.5,nonbridge_biased,36,0.22916666666666666,0.03925,0.0,6.0,0.2302857142857143
0.5,nonbridge_biased,37,0.22916666666666666,0.038000000000000006,0.0,6.0,0.28871428571428565
0.5,nonbridge_biased,38,0.2375,0.039625,0.0,6.0,0.2171428571428571
0.5,nonbridge_biased,39,0.24166666666666667,0.04520833333333333,0.0,6.0,0.21857142857142856
0.5,nonbridge_biased,40,0.225,0.05166666666666666,0.0,6.0,0.2517142857142857
0.5,nonbridge_biased,41,0.22916666666666666,0.04429166666666666,0.0,6.0,0.2682857142857143
0.5,nonbridge_biased,42,0.25833333333333336,0.047541666666666656,0.0,6.0,0.3144285714285714
0.5,nonbridge_biased,43,0.22916666666666666,0.05295833333333332,0.0,6.0,0.213
0.5,nonbridge_biased,44,0.24583333333333332,0.038125,0.0,6.0,0.25842857142857145
0.5,nonbridge_biased,45,0.2375,0.03875,0.0,6.0,0.37914285714285717
0.5,nonbridge_biased,46,0.22083333333333333,0.03658333333333333,0.0,6.0,0.3018571428571429
0.5,nonbridge_biased,47,0.25833333333333336,0.04416666666666666,0.0,6.0,0.2622857142857143
0.5,nonbridge_biased,48,0.22916666666666666,0.039624999999999994,0.0,6.0,0.39071428571428574
0.5,nonbridge_biased,49,0.2375,0.04475,0.0,6.0,0.2741428571428572
0.5,nonbridge_biased,50,0.22916666666666666,0.047958333333333325,0.0,6.0,0.34
0.5,highdeg_nonbridge,1,0.2916666666666667,0.04558333333333334,0.0,6.0,0.2234285714285714
0.5,highdeg_nonbridge,2,0.3333333333333333,0.055625,0.0,6.0,0.25799999999999995
0.5,highdeg_nonbridge,3,0.375,0.06458333333333335,0.0,6.0,0.34742857142857136
0.5,highdeg_nonbridge,4,0.30416666666666664,0.05425,0.0,6.0,0.23614285714285713
0.5,highdeg_nonbridge,5,0.32916666666666666,0.05120833333333333,0.0,6.0,0.35157142857142853
0.5,highdeg_nonbridge,6,0.32916666666666666,0.051583333333333335,0.0,6.0,0.37042857142857144
0.5,highdeg_nonbridge,7,0.35,0.06662499999999998,0.0,6.0,0.2738571428571429
0.5,highdeg_nonbridge,8,0.375,0.08374999999999998,0.0,6.0,0.26142857142857145
0.5,highdeg_nonbridge,9,0.3125,0.06483333333333333,0.0,6.0,0.31342857142857145
0.5,highdeg_nonbridge,10,0.3375,0.0765,0.0,6.0,0.2958571428571429
0.5,highdeg_nonbridge,11,0.3375,0.06983333333333333,0.0,6.0,0.20385714285714282
0.5,highdeg_nonbridge,12,0.31666666666666665,0.04858333333333333,0.0,6.0,0.284
0.5,highdeg_nonbridge,13,0.29583333333333334,0.05441666666666666,0.0,6.0,0.2534285714285714
0.5,highdeg_nonbridge,14,0.375,0.06770833333333333,0.0,6.0,0.33914285714285713
0.5,highdeg_nonbridge,15,0.30833333333333335,0.05808333333333333,0.0,6.0,0.31742857142857145
0.5,highdeg_nonbridge,16,0.35833333333333334,0.06758333333333334,0.0,6.0,0.4351428571428571
0.5,highdeg_nonbridge,17,0.3125,0.057666666666666665,0.0,6.0,0.31
0.5,highdeg_nonbridge,18,0.3125,0.059708333333333335,0.0,6.0,0.32528571428571423
0.5,highdeg_nonbridge,19,0.375,0.07154166666666666,0.0,6.0,0.3767142857142857
0.5,highdeg_nonbridge,20,0.325,0.06141666666666665,0.0,6.0,0.302
0.5,highdeg_nonbridge,21,0.3,0.05683333333333333,0.0,6.0,0.4182857142857143
0.5,highdeg_nonbridge,22,0.3125,0.05129166666666665,0.0,6.0,0.23614285714285713
0.5,highdeg_nonbridge,23,0.35833333333333334,0.06616666666666665,0.0,6.0,0.26685714285714285
0.5,highdeg_nonbridge,24,0.3375,0.07083333333333333,0.0,6.0,0.24485714285714283
0.5,highdeg_nonbridge,25,0.37916666666666665,0.07562499999999998,0.0,6.0,0.2967142857142857
0.5,highdeg_nonbridge,26,0.3375,0.065625,0.0,6.0,0.307
0.5,highdeg_nonbridge,27,0.3375,0.061,0.0,6.0,0.3368571428571429
0.5,highdeg_nonbridge,28,0.35,0.06316666666666666,0.0,6.0,0.31085714285714283
0.5,highdeg_nonbridge,29,0.3125,0.073625,0.0,6.0,0.29971428571428566
0.5,highdeg_nonbridge,30,0.35833333333333334,0.05558333333333334,0.0,6.0,0.17228571428571426
0.5,highdeg_nonbridge,31,0.3458333333333333,0.058499999999999976,0.0,6.0,0.24914285714285714
0.5,highdeg_nonbridge,32,0.32083333333333336,0.059874999999999984,0.0,6.0,0.315
0.5,highdeg_nonbridge,33,0.2791666666666667,0.05408333333333333,0.0,6.0,0.2732857142857143
0.5,highdeg_nonbridge,34,0.31666666666666665,0.05787500000000002,0.0,6.0,0.3281428571428571
0.5,highdeg_nonbridge,35,0.3125,0.05399999999999998,0.0,6.0,0.284
0.5,highdeg_nonbridge,36,0.35,0.07491666666666666,0.0,6.0,0.3111428571428571
0.5,highdeg_nonbridge,37,0.30833333333333335,0.04695833333333333,0.0,6.0,0.2624285714285714
0.5,highdeg_nonbridge,38,0.3958333333333333,0.06316666666666666,0.0,6.0,0.30457142857142855
0.5,highdeg_nonbridge,39,0.35,0.07137500000000001,0.0,6.0,0.283
0.5,highdeg_nonbridge,40,0.2875,0.058374999999999996,0.0,6.0,0.3287142857142857
0.5,highdeg_nonbridge,41,0.3541666666666667,0.06083333333333332,0.0,6.0,0.2592857142857143
0.5,highdeg_nonbridge,42,0.38333333333333336,0.06345833333333334,0.0,6.0,0.4077142857142857
0.5,highdeg_nonbridge,43,0.3625,0.06879166666666664,0.0,6.0,0.3217142857142857
0.5,highdeg_nonbridge,44,0.2708333333333333,0.041041666666666664,0.0,6.0,0.3782857142857143
0.5,highdeg_nonbridge,45,0.3875,0.07470833333333333,0.0,6.0,0.2785714285714286
0.5,highdeg_nonbridge,46,0.2875,0.05291666666666667,0.0,6.0,0.24728571428571428
0.5,highdeg_nonbridge,47,0.3541666666666667,0.07179166666666667,0.0,6.0,0.28328571428571425
0.5,highdeg_nonbridge,48,0.31666666666666665,0.056999999999999974,0.0,6.0,0.3602857142857143
0.5,highdeg_nonbridge,49,0.3625,0.08833333333333332,0.0,6.0,0.20299999999999996
0.5,highdeg_nonbridge,50,0.4083333333333333,0.10549999999999997,0.0,6.0,0.244
0.65,bridge_biased,1,0.2,0.026291666666666665,0.0,6.0,0.425
0.65,bridge_biased,2,0.22916666666666666,0.04124999999999999,0.0,6.0,0.3347142857142857
0.65,bridge_biased,3,0.2125,0.035458333333333335,0.0,6.0,0.3282857142857143
0.65,bridge_biased,4,0.2375,0.04633333333333333,0.0,6.0,0.241
0.65,bridge_biased,5,0.225,0.030708333333333337,0.0,6.0,0.24642857142857144
0.65,bridge_biased,6,0.21666666666666667,0.03291666666666667,0.0,6.0,0.356
0.65,bridge_biased,7,0.2125,0.04983333333333333,0.0,6.0,0.2627142857142857
0.65,bridge_biased,8,0.225,0.045666666666666675,0.0,6.0,0.2568571428571429
0.65,bridge_biased,9,0.225,0.03804166666666666,0.0,6.0,0.3921428571428571
0.65,bridge_biased,10,0.20833333333333334,0.032624999999999994,0.0,6.0,0.297
0.65,bridge_biased,11,0.20416666666666666,0.036458333333333336,0.0,6.0,0.33385714285714285
0.65,bridge_biased,12,0.21666666666666667,0.03466666666666667,0.0,6.0,0.312
0.65,bridge_biased,13,0.22916666666666666,0.03704166666666667,0.0,6.0,0.23457142857142854
0.65,bridge_biased,14,0.22083333333333333,0.03145833333333333,0.0,6.0,0.3435714285714285
0.65,bridge_biased,15,0.22916666666666666,0.04758333333333333,0.0,6.0,0.29742857142857143
0.65,bridge_biased,16,0.2375,0.03879166666666666,0.0,6.0,0.33042857142857146
0.65,bridge_biased,17,0.2125,0.035083333333333334,0.0,6.0,0.31285714285714283
0.65,bridge_biased,18,0.225,0.03475,0.0,6.0,0.3171428571428571
0.65,bridge_biased,19,0.24583333333333332,0.046208333333333323,0.0,6.0,0.20542857142857138
0.65,bridge_biased,20,0.21666666666666667,0.036375,0.0,6.0,0.38885714285714285
0.65,bridge_biased,21,0.2125,0.034125,0.0,6.0,0.26642857142857146
0.65,bridge_biased,22,0.2125,0.026375000000000003,0.0,6.0,0.19214285714285712
0.65,bridge_biased,23,0.23333333333333334,0.04025,0.0,6.0,0.18128571428571427
0.65,bridge_biased,24,0.2125,0.03345833333333333,0.0,6.0,0.2725714285714286
0.65,bridge_biased,25,0.21666666666666667,0.033166666666666664,0.0,6.0,0.41771428571428576
0.65,bridge_biased,26,0.20833333333333334,0.031166666666666665,0.0,6.0,0.2755714285714286
0.65,bridge_biased,27,0.2625,0.056083333333333325,0.0,6.0,0.29671428571428565
0.65,bridge_biased,28,0.24166666666666667,0.03245833333333334,0.0,6.0,0.23557142857142854
0.65,bridge_biased,29,0.22916666666666666,0.040166666666666656,0.0,6.0,0.2808571428571429
0.65,bridge_biased,30,0.2125,0.03204166666666666,0.0,6.0,0.279
0.65,bridge_biased,31,0.24166666666666667,0.035625,0.0,6.0,0.3617142857142857
0.65,bridge_biased,32,0.2125,0.0375,0.0,6.0,0.3342857142857143
0.65,bridge_biased,33,0.225,0.04408333333333332,0.0,6.0,0.281
0.65,bridge_biased,34,0.2375,0.03283333333333333,0.0,6.0,0.387
0.65,bridge_biased,35,0.20833333333333334,0.027999999999999997,0.0,6.0,0.2785714285714286
0.65,bridge_biased,36,0.21666666666666667,0.04291666666666667,0.0,6.0,0.3241428571428571
0.65,bridge_biased,37,0.23333333333333334,0.034541666666666665,0.0,6.0,0.2952857142857142
0.65,bridge_biased,38,0.225,0.038708333333333324,0.0,6.0,0.20257142857142857
0.65,bridge_biased,39,0.2375,0.04491666666666666,0.0,6.0,0.3611428571428571
0.65,bridge_biased,40,0.22916666666666666,0.04795833333333332,0.0,6.0,0.238
0.65,bridge_biased,41,0.22083333333333333,0.04020833333333334,0.0,6.0,0.21471428571428572
0.65,bridge_biased,42,0.24166666666666667,0.04549999999999999,0.0,6.0,0.3771428571428571
0.65,bridge_biased,43,0.20416666666666666,0.03929166666666667,0.0,6.0,0.28828571428571426
0.65,bridge_biased,44,0.2375,0.040625,0.0,6.0,0.24828571428571428
0.65,bridge_biased,45,0.21666666666666667,0.040625,0.0,6.0,0.23171428571428573
0.65,bridge_biased,46,0.2125,0.03441666666666667,0.0,6.0,0.3325714285714286
0.65,bridge_biased,47,0.25,0.042249999999999996,0.0,6.0,0.2797142857142857
0.65,bridge_biased,48,0.2125,0.033791666666666664,0.0,6.0,0.3667142857142857
0.65,bridge_biased,49,0.20833333333333334,0.034708333333333334,0.0,6.0,0.38042857142857145
0.65,bridge_biased,50,0.20416666666666666,0.034124999999999996,0.0,6.0,0.32742857142857146
0.65,nonbridge_biased,1,0.2,0.033041666666666664,0.0,6.0,0.349
0.65,nonbridge_biased,2,0.20833333333333334,0.0365,0.0,6.0,0.347
0.65,nonbridge_biased,3,0.2125,0.03941666666666666,0.0,6.0,0.26628571428571435
0.65,nonbridge_biased,4,0.2,0.03520833333333333,0.0,6.0,0.42528571428571427
0.65,nonbridge_biased,5,0.20416666666666666,0.03654166666666667,0.0,6.0,0.34571428571428564
0.65,nonbridge_biased,6,0.2,0.035875000000000004,0.0,6.0,0.2441428571428571
0.65,nonbridge_biased,7,0.20416666666666666,0.037625,0.0,6.0,0.4082857142857143
0.65,nonbridge_biased,8,0.20416666666666666,0.04633333333333332,0.0,6.0,0.19085714285714284
0.65,nonbridge_biased,9,0.225,0.04041666666666666,0.0,6.0,0.362
0.65,nonbridge_biased,10,0.20416666666666666,0.042125,0.0,6.0,0.361
0.65,nonbridge_biased,11,0.2,0.03608333333333334,0.0,6.0,0.3432857142857143
0.65,nonbridge_biased,12,0.20833333333333334,0.04195833333333333,0.0,6.0,0.26657142857142857
0.65,nonbridge_biased,13,0.20416666666666666,0.045,0.0,6.0,0.2471428571428571
0.65,nonbridge_biased,14,0.20416666666666666,0.034416666666666665,0.0,6.0,0.36042857142857143
0.65,nonbridge_biased,15,0.20416666666666666,0.035125,0.0,6.0,0.24157142857142855
0.65,nonbridge_biased,16,0.20833333333333334,0.04424999999999999,0.0,6.0,0.3748571428571429
0.65,nonbridge_biased,17,0.2,0.034208333333333334,0.0,6.0,0.3417142857142857
0.65,nonbridge_biased,18,0.20416666666666666,0.03370833333333333,0.0,6.0,0.3348571428571429
0.65,nonbridge_biased,19,0.21666666666666667,0.031874999999999994,0.0,6.0,0.302
0.65,nonbridge_biased,20,0.20416666666666666,0.03483333333333334,0.0,6.0,0.33185714285714285
0.65,nonbridge_biased,21,0.2125,0.038625,0.0,6.0,0.367
0.65,nonbridge_biased,22,0.2,0.031166666666666665,0.0,6.0,0.21142857142857144
0.65,nonbridge_biased,23,0.2,0.037250000000000005,0.0,6.0,0.2557142857142857
0.65,nonbridge_biased,24,0.20833333333333334,0.028916666666666667,0.0,6.0,0.31185714285714283
0.65,nonbridge_biased,25,0.2,0.03433333333333333,0.0,6.0,0.29428571428571426
0.65,nonbridge_biased,26,0.20416666666666666,0.039625,0.0,6.0,0.274
0.65,nonbridge_biased,27,0.20833333333333334,0.03766666666666667,0.0,5.0,0.32628571428571423
0.65,nonbridge_biased,28,0.20833333333333334,0.03391666666666668,0.0,6.0,0.3162857142857143
0.65,nonbridge_biased,29,0.21666666666666667,0.03937500000000001,0.0,6.0,0.32928571428571435
0.65,nonbridge_biased,30,0.20416666666666666,0.03204166666666668,0.0,6.0,0.16085714285714284
0.65,nonbridge_biased,31,0.22083333333333333,0.037541666666666675,0.0,6.0,0.2854285714285714
0.65,nonbridge_biased,32,0.2,0.034375,0.0,6.0,0.3838571428571429
0.65,nonbridge_biased,33,0.20416666666666666,0.039875,0.0,6.0,0.304
0.65,nonbridge_biased,34,0.20416666666666666,0.04058333333333333,0.0,6.0,0.3342857142857143
0.65,nonbridge_biased,35,0.20416666666666666,0.03291666666666667,0.0,6.0,0.39542857142857146
0.65,nonbridge_biased,36,0.2125,0.036041666666666666,0.0,6.0,0.3237142857142857
0.65,nonbridge_biased,37,0.20416666666666666,0.026708333333333334,0.0,6.0,0.3541428571428571
0.65,nonbridge_biased,38,0.20833333333333334,0.037750000000000006,0.0,6.0,0.29728571428571426
0.65,nonbridge_biased,39,0.20833333333333334,0.03541666666666667,0.0,6.0,0.32857142857142857
0.65,nonbridge_biased,40,0.20833333333333334,0.042625,0.0,6.0,0.2447142857142857
0.65,nonbridge_biased,41,0.20416666666666666,0.035916666666666666,0.0,6.0,0.27442857142857147
0.65,nonbridge_biased,42,0.2125,0.043125,0.0,6.0,0.2941428571428571
0.65,nonbridge_biased,43,0.20416666666666666,0.03379166666666667,0.0,6.0,0.3537142857142857
0.65,nonbridge_biased,44,0.2125,0.03675,0.0,6.0,0.29657142857142854
0.65,nonbridge_biased,45,0.20833333333333334,0.03979166666666666,0.0,6.0,0.26857142857142857
0.65,nonbridge_biased,46,0.20416666666666666,0.04649999999999999,0.0,6.0,0.24642857142857144
0.65,nonbridge_biased,47,0.2,0.033875,0.0,6.0,0.3122857142857143
0.65,nonbridge_biased,48,0.20833333333333334,0.036083333333333335,0.0,6.0,0.2211428571428571
0.65,nonbridge_biased,49,0.20416666666666666,0.03725,0.0,6.0,0.267
0.65,nonbridge_biased,50,0.20416666666666666,0.03804166666666667,0.0,6.0,0.31742857142857145
0.65,highdeg_nonbridge,1,0.21666666666666667,0.034624999999999996,0.0,6.0,0.29257142857142854
0.65,highdeg_nonbridge,2,0.225,0.03854166666666667,0.0,6.0,0.3271428571428571
0.65,highdeg_nonbridge,3,0.20416666666666666,0.051125000000000004,0.0,6.0,0.3087142857142857
0.65,highdeg_nonbridge,4,0.22916666666666666,0.04841666666666667,0.0,6.0,0.3318571428571429
0.65,highdeg_nonbridge,5,0.21666666666666667,0.03975,0.0,6.0,0.24728571428571428
0.65,highdeg_nonbridge,6,0.22916666666666666,0.03620833333333334,0.0,6.0,0.318
0.65,highdeg_nonbridge,7,0.22083333333333333,0.045625,0.0,6.0,0.292
0.65,highdeg_nonbridge,8,0.23333333333333334,0.045625,0.0,6.0,0.2621428571428572
0.65,highdeg_nonbridge,9,0.23333333333333334,0.04075,0.0,6.0,0.3211428571428571
0.65,highdeg_nonbridge,10,0.22916666666666666,0.03825,0.0,6.0,0.3251428571428571
0.65,highdeg_nonbridge,11,0.2125,0.042083333333333334,0.0,6.0,0.35271428571428565
0.65,highdeg_nonbridge,12,0.225,0.03745833333333333,0.0,6.0,0.28014285714285714
0.65,highdeg_nonbridge,13,0.21666666666666667,0.04095833333333333,0.0,6.0,0.24228571428571427
0.65,highdeg_nonbridge,14,0.2375,0.037083333333333336,0.0,6.0,0.4551428571428571
0.65,highdeg_nonbridge,15,0.22083333333333333,0.04208333333333332,0.0,6.0,0.3062857142857143
0.65,highdeg_nonbridge,16,0.20416666666666666,0.033916666666666664,0.0,6.0,0.3167142857142857
0.65,highdeg_nonbridge,17,0.225,0.04083333333333333,0.0,6.0,0.3228571428571429
0.65,highdeg_nonbridge,18,0.21666666666666667,0.039625,0.0,6.0,0.3298571428571428
0.65,highdeg_nonbridge,19,0.22916666666666666,0.03958333333333333,0.0,6.0,0.3347142857142857
0.65,highdeg_nonbridge,20,0.21666666666666667,0.03125,0.0,6.0,0.29
0.65,highdeg_nonbridge,21,0.21666666666666667,0.036041666666666666,0.0,6.0,0.33314285714285713
0.65,highdeg_nonbridge,22,0.22083333333333333,0.03304166666666667,0.0,6.0,0.258
0.65,highdeg_nonbridge,23,0.21666666666666667,0.036333333333333336,0.0,6.0,0.3038571428571429
0.65,highdeg_nonbridge,24,0.23333333333333334,0.036041666666666666,0.0,6.0,0.2817142857142857
0.65,highdeg_nonbridge,25,0.25,0.04145833333333333,0.0,6.0,0.2644285714285714
0.65,highdeg_nonbridge,26,0.20833333333333334,0.03162499999999999,0.0,6.0,0.38142857142857145
0.65,highdeg_nonbridge,27,0.22083333333333333,0.04483333333333332,0.0,6.0,0.2904285714285714
0.65,highdeg_nonbridge,28,0.23333333333333334,0.032874999999999995,0.0,6.0,0.21942857142857142
0.65,highdeg_nonbridge,29,0.22083333333333333,0.046,0.0,6.0,0.37357142857142855
0.65,highdeg_nonbridge,30,0.23333333333333334,0.042791666666666665,0.0,6.0,0.2594285714285714
0.65,highdeg_nonbridge,31,0.22916666666666666,0.04395833333333333,0.0,6.0,0.26071428571428573
0.65,highdeg_nonbridge,32,0.21666666666666667,0.036875,0.0,6.0,0.2828571428571428
0.65,highdeg_nonbridge,33,0.22083333333333333,0.036958333333333336,0.0,6.0,0.27671428571428575
0.65,highdeg_nonbridge,34,0.21666666666666667,0.04033333333333333,0.0,6.0,0.40042857142857147
0.65,highdeg_nonbridge,35,0.21666666666666667,0.05391666666666667,0.0,6.0,0.2722857142857143
0.65,highdeg_nonbridge,36,0.24583333333333332,0.042166666666666665,0.0,6.0,0.3002857142857143
0.65,highdeg_nonbridge,37,0.225,0.035416666666666666,0.0,6.0,0.34371428571428575
0.65,highdeg_nonbridge,38,0.225,0.044916666666666674,0.0,6.0,0.2844285714285714
0.65,highdeg_nonbridge,39,0.22916666666666666,0.045874999999999985,0.0,6.0,0.305
0.65,highdeg_nonbridge,40,0.225,0.043375000000000004,0.0,6.0,0.25557142857142856
0.65,highdeg_nonbridge,41,0.21666666666666667,0.037333333333333336,0.0,6.0,0.28771428571428564
0.65,highdeg_nonbridge,42,0.22916666666666666,0.03770833333333333,0.0,6.0,0.32271428571428573
0.65,highdeg_nonbridge,43,0.22083333333333333,0.038125000000000006,0.0,6.0,0.2702857142857143
0.65,highdeg_nonbridge,44,0.225,0.04145833333333333,0.0,6.0,0.23628571428571427
0.65,highdeg_nonbridge,45,0.2125,0.04320833333333333,0.0,6.0,0.3417142857142857
0.65,highdeg_nonbridge,46,0.20416666666666666,0.0345,0.0,6.0,0.22885714285714284
0.65,highdeg_nonbridge,47,0.225,0.042624999999999996,0.0,6.0,0.37457142857142856
0.65,highdeg_nonbridge,48,0.225,0.034791666666666665,0.0,6.0,0.31957142857142856
0.65,highdeg_nonbridge,49,0.21666666666666667,0.03391666666666667,0.0,6.0,0.21671428571428572
0.65,highdeg_nonbridge,50,0.22083333333333333,0.04716666666666665,0.0,6.0,0.30257142857142855
